[
{
  "model": "devices.device",
  "pk": 1,
  "fields": {
    "name": "BER-Onlogic-HX310-perftest",
    "serial_number": "E320051",
    "description": "",
    "cluster_device_name": "BER-Onlogic-HX310-perftest",
    "model": 1,
    "cluster": 1,
    "enterprise": 1,
    "team": 1,
    "owner_email": null,
    "lab": 3,
    "location_detail": "",
    "admin_condition": "normal",
    "sync_condition": null,
    "idrac_ip": "",
    "idrac_username": "",
    "idrac_password_enc": null,
    "eve_version": "17.0.0-rc3-kvm-amd64",
    "device_connectivity": [
      {
        "ip": "10.208.170.57",
        "mac": "84:8b:cd:4e:86:cd",
        "interface_name": "eth0"
      }
    ],
    "status": "Online",
    "status_fetched_at": "2026-07-14T15:27:25.634Z",
    "reserved_at": null,
    "last_purpose_text": null,
    "last_purpose_by": null,
    "last_purpose_at": null,
    "created_at": "2026-07-14T09:50:11.095Z",
    "updated_at": "2026-07-14T15:27:25.637Z"
  }
},
{
  "model": "devices.device",
  "pk": 2,
  "fields": {
    "name": "Andrew-cherry",
    "serial_number": "8X1TKH2",
    "description": "",
    "cluster_device_name": "Andrew-cherry",
    "model": 2,
    "cluster": 1,
    "enterprise": 1,
    "team": 2,
    "owner_email": null,
    "lab": 5,
    "location_detail": "Andrew home",
    "admin_condition": "temporarily_leased",
    "sync_condition": null,
    "idrac_ip": "",
    "idrac_username": "",
    "idrac_password_enc": null,
    "eve_version": "0.0.0-eve-k-size-reporting-3477face-k-amd64",
    "device_connectivity": [
      {
        "ip": "192.168.0.121",
        "mac": "50:9a:4c:4c:7b:75",
        "interface_name": "eth0"
      },
      {
        "ip": "10.244.244.1",
        "mac": "50:9a:4c:4c:7b:75",
        "interface_name": "eth0"
      }
    ],
    "status": "Online",
    "status_fetched_at": "2026-07-14T15:27:25.634Z",
    "reserved_at": null,
    "last_purpose_text": null,
    "last_purpose_by": null,
    "last_purpose_at": null,
    "created_at": "2026-07-14T09:50:49.319Z",
    "updated_at": "2026-07-14T15:27:25.634Z"
  }
},
{
  "model": "devices.device",
  "pk": 3,
  "fields": {
    "name": "BLR-Dell-r640",
    "serial_number": "J65GBW2",
    "description": null,
    "cluster_device_name": "BLR-Dell-r640",
    "model": 3,
    "cluster": 1,
    "enterprise": null,
    "team": null,
    "owner_email": null,
    "lab": 1,
    "location_detail": null,
    "admin_condition": "normal",
    "sync_condition": null,
    "idrac_ip": null,
    "idrac_username": null,
    "idrac_password_enc": null,
    "eve_version": null,
    "device_connectivity": null,
    "status": null,
    "status_fetched_at": null,
    "reserved_at": null,
    "last_purpose_text": null,
    "last_purpose_by": null,
    "last_purpose_at": null,
    "created_at": "2026-07-14T15:12:50.606Z",
    "updated_at": "2026-07-14T15:12:50.606Z"
  }
},
{
  "model": "devices.device",
  "pk": 4,
  "fields": {
    "name": "Dell-5810-1",
    "serial_number": "169FZL2",
    "description": null,
    "cluster_device_name": "Dell-5810-1",
    "model": 4,
    "cluster": 1,
    "enterprise": 1,
    "team": null,
    "owner_email": null,
    "lab": 1,
    "location_detail": null,
    "admin_condition": "normal",
    "sync_condition": null,
    "idrac_ip": null,
    "idrac_username": null,
    "idrac_password_enc": null,
    "eve_version": "17.0.0-rc3-k-amd64",
    "device_connectivity": [
      {
        "ip": "10.250.0.7",
        "mac": "d8:9e:f3:01:91:eb",
        "interface_name": "ethernet_0"
      },
      {
        "ip": "10.252.20.18",
        "mac": "a0:36:9f:35:a2:e8",
        "interface_name": "ethernet_1"
      },
      {
        "ip": "10.252.20.37",
        "mac": "a0:36:9f:35:a2:ea",
        "interface_name": "ethernet_2"
      },
      {
        "ip": "10.181.181.3",
        "mac": "a0:36:9f:35:a2:ea",
        "interface_name": "ethernet_2"
      }
    ],
    "status": "Online",
    "status_fetched_at": "2026-07-14T15:27:25.634Z",
    "reserved_at": null,
    "last_purpose_text": null,
    "last_purpose_by": null,
    "last_purpose_at": null,
    "created_at": "2026-07-14T15:12:50.608Z",
    "updated_at": "2026-07-14T15:27:25.641Z"
  }
},
{
  "model": "devices.device",
  "pk": 5,
  "fields": {
    "name": "Dell-5810-2",
    "serial_number": "90SJX52",
    "description": null,
    "cluster_device_name": "Dell-5810-2",
    "model": 4,
    "cluster": 1,
    "enterprise": 1,
    "team": null,
    "owner_email": null,
    "lab": 1,
    "location_detail": null,
    "admin_condition": "normal",
    "sync_condition": null,
    "idrac_ip": null,
    "idrac_username": null,
    "idrac_password_enc": null,
    "eve_version": "17.0.0-rc3-k-amd64",
    "device_connectivity": [
      {
        "ip": "10.252.20.45",
        "mac": "a0:36:9f:b8:a8:86",
        "interface_name": "eth2"
      },
      {
        "ip": "10.181.181.2",
        "mac": "a0:36:9f:b8:a8:86",
        "interface_name": "eth2"
      },
      {
        "ip": "10.250.0.23",
        "mac": "64:00:6a:4e:3f:07",
        "interface_name": "ethernet_0"
      },
      {
        "ip": "10.252.20.19",
        "mac": "a0:36:9f:b8:a8:84",
        "interface_name": "ethernet_1"
      }
    ],
    "status": "Online",
    "status_fetched_at": "2026-07-14T15:27:25.634Z",
    "reserved_at": null,
    "last_purpose_text": null,
    "last_purpose_by": null,
    "last_purpose_at": null,
    "created_at": "2026-07-14T15:12:50.609Z",
    "updated_at": "2026-07-14T15:27:25.642Z"
  }
},
{
  "model": "devices.device",
  "pk": 6,
  "fields": {
    "name": "Dell-5810-3",
    "serial_number": "DF5WSF2",
    "description": null,
    "cluster_device_name": "Dell-5810-3",
    "model": 4,
    "cluster": 1,
    "enterprise": 1,
    "team": null,
    "owner_email": null,
    "lab": 1,
    "location_detail": null,
    "admin_condition": "normal",
    "sync_condition": null,
    "idrac_ip": null,
    "idrac_username": null,
    "idrac_password_enc": null,
    "eve_version": "17.0.0-rc3-k-amd64",
    "device_connectivity": [
      {
        "ip": "10.250.0.9",
        "mac": "18:66:da:32:25:97",
        "interface_name": "ethernet_0"
      },
      {
        "ip": "10.252.20.20",
        "mac": "a0:36:9f:df:dc:60",
        "interface_name": "ethernet_1"
      },
      {
        "ip": "10.252.20.39",
        "mac": "a0:36:9f:df:dc:62",
        "interface_name": "ethernet_2"
      },
      {
        "ip": "10.181.181.1",
        "mac": "a0:36:9f:df:dc:62",
        "interface_name": "ethernet_2"
      }
    ],
    "status": "Online",
    "status_fetched_at": "2026-07-14T15:27:25.634Z",
    "reserved_at": null,
    "last_purpose_text": null,
    "last_purpose_by": null,
    "last_purpose_at": null,
    "created_at": "2026-07-14T15:12:50.611Z",
    "updated_at": "2026-07-14T15:27:25.643Z"
  }
},
{
  "model": "devices.device",
  "pk": 7,
  "fields": {
    "name": "Dell-XC630-2",
    "serial_number": "7Q0LLN2",
    "description": null,
    "cluster_device_name": "Dell-XC630-2",
    "model": 5,
    "cluster": 1,
    "enterprise": 1,
    "team": null,
    "owner_email": null,
    "lab": 1,
    "location_detail": null,
    "admin_condition": "normal",
    "sync_condition": null,
    "idrac_ip": null,
    "idrac_username": null,
    "idrac_password_enc": null,
    "eve_version": "17.0.0-rc2-k-amd64",
    "device_connectivity": [
      {
        "ip": "10.250.0.88",
        "mac": "24:6e:96:93:88:fc",
        "interface_name": "eth2"
      },
      {
        "ip": "10.252.20.23",
        "mac": "24:6e:96:93:88:fd",
        "interface_name": "eth3"
      },
      {
        "ip": "10.93.93.1",
        "mac": "24:6e:96:93:88:fd",
        "interface_name": "eth3"
      }
    ],
    "status": "Online",
    "status_fetched_at": "2026-07-14T15:27:25.634Z",
    "reserved_at": null,
    "last_purpose_text": null,
    "last_purpose_by": null,
    "last_purpose_at": null,
    "created_at": "2026-07-14T15:12:50.613Z",
    "updated_at": "2026-07-14T15:27:25.643Z"
  }
},
{
  "model": "devices.device",
  "pk": 8,
  "fields": {
    "name": "Dell-XC630-3",
    "serial_number": "7PZNLN2",
    "description": null,
    "cluster_device_name": "Dell-XC630-3",
    "model": 5,
    "cluster": 1,
    "enterprise": 1,
    "team": null,
    "owner_email": null,
    "lab": 1,
    "location_detail": null,
    "admin_condition": "normal",
    "sync_condition": null,
    "idrac_ip": null,
    "idrac_username": null,
    "idrac_password_enc": null,
    "eve_version": "17.0.0-rc2-k-amd64",
    "device_connectivity": [
      {
        "ip": "10.250.0.83",
        "mac": "24:6e:96:91:8e:14",
        "interface_name": "eth2"
      },
      {
        "ip": "10.252.20.32",
        "mac": "24:6e:96:91:8e:15",
        "interface_name": "eth3"
      },
      {
        "ip": "10.93.93.2",
        "mac": "24:6e:96:91:8e:15",
        "interface_name": "eth3"
      }
    ],
    "status": "Online",
    "status_fetched_at": "2026-07-14T15:27:25.634Z",
    "reserved_at": null,
    "last_purpose_text": null,
    "last_purpose_by": null,
    "last_purpose_at": null,
    "created_at": "2026-07-14T15:12:50.614Z",
    "updated_at": "2026-07-14T15:27:25.644Z"
  }
},
{
  "model": "devices.device",
  "pk": 9,
  "fields": {
    "name": "HPE-DL-380-G10",
    "serial_number": "SGH939TMLV",
    "description": null,
    "cluster_device_name": "HPE-DL-380-G10",
    "model": 6,
    "cluster": 1,
    "enterprise": 1,
    "team": null,
    "owner_email": null,
    "lab": 1,
    "location_detail": null,
    "admin_condition": "normal",
    "sync_condition": null,
    "idrac_ip": null,
    "idrac_username": null,
    "idrac_password_enc": null,
    "eve_version": "17.0.0-rc2-k-amd64",
    "device_connectivity": [
      {
        "ip": "10.250.0.85",
        "mac": "08:f1:ea:f9:27:e2",
        "interface_name": "eth0"
      }
    ],
    "status": "Online",
    "status_fetched_at": "2026-07-14T15:27:25.634Z",
    "reserved_at": null,
    "last_purpose_text": null,
    "last_purpose_by": null,
    "last_purpose_at": null,
    "created_at": "2026-07-14T15:12:50.616Z",
    "updated_at": "2026-07-14T15:27:25.645Z"
  }
},
{
  "model": "devices.device",
  "pk": 10,
  "fields": {
    "name": "BER-Dell-R360",
    "serial_number": "1LPN994",
    "description": null,
    "cluster_device_name": "BER-Dell-R360",
    "model": 7,
    "cluster": 1,
    "enterprise": 1,
    "team": null,
    "owner_email": null,
    "lab": 3,
    "location_detail": null,
    "admin_condition": "normal",
    "sync_condition": null,
    "idrac_ip": null,
    "idrac_username": null,
    "idrac_password_enc": null,
    "eve_version": "17.0.0-rc3-kvm-amd64",
    "device_connectivity": [
      {
        "ip": "10.208.170.58",
        "mac": "c0:47:0e:e6:e2:81",
        "interface_name": "eth0"
      },
      {
        "ip": "10.208.170.59",
        "mac": "c0:47:0e:e6:e2:82",
        "interface_name": "eth1"
      }
    ],
    "status": "Online",
    "status_fetched_at": "2026-07-14T15:27:25.634Z",
    "reserved_at": null,
    "last_purpose_text": null,
    "last_purpose_by": null,
    "last_purpose_at": null,
    "created_at": "2026-07-14T15:12:50.618Z",
    "updated_at": "2026-07-14T15:27:25.637Z"
  }
},
{
  "model": "devices.device",
  "pk": 11,
  "fields": {
    "name": "Lenovo-SE10i_SN-PF5NAV69_Berlin-Lab",
    "serial_number": "PF5NAV69",
    "description": null,
    "cluster_device_name": "Lenovo-SE10i_SN-PF5NAV69_Berlin-Lab",
    "model": 9,
    "cluster": 1,
    "enterprise": 1,
    "team": null,
    "owner_email": null,
    "lab": 3,
    "location_detail": null,
    "admin_condition": "normal",
    "sync_condition": null,
    "idrac_ip": null,
    "idrac_username": null,
    "idrac_password_enc": null,
    "eve_version": "17.0.0-rc2-kvm-amd64",
    "device_connectivity": [
      {
        "ip": "10.208.13.229",
        "mac": "c8:53:09:5d:ea:27",
        "interface_name": "eth1"
      },
      {
        "ip": "10.42.212.109",
        "mac": "e6:94:79:83:09:6b",
        "interface_name": "wwan0"
      }
    ],
    "status": "Online",
    "status_fetched_at": "2026-07-14T15:27:25.634Z",
    "reserved_at": null,
    "last_purpose_text": null,
    "last_purpose_by": null,
    "last_purpose_at": null,
    "created_at": "2026-07-14T15:12:50.620Z",
    "updated_at": "2026-07-14T15:27:25.651Z"
  }
},
{
  "model": "devices.device",
  "pk": 12,
  "fields": {
    "name": "sj-e100-table-box",
    "serial_number": "S279678X8335730",
    "description": null,
    "cluster_device_name": "sj-e100-table-box",
    "model": 10,
    "cluster": 1,
    "enterprise": 1,
    "team": null,
    "owner_email": null,
    "lab": 6,
    "location_detail": null,
    "admin_condition": "normal",
    "sync_condition": null,
    "idrac_ip": null,
    "idrac_username": null,
    "idrac_password_enc": null,
    "eve_version": "0.0.0-14.5-stable-06227280-kvm-amd64",
    "device_connectivity": [
      {
        "ip": "172.16.8.80",
        "mac": "ac:1f:6b:63:05:a4",
        "interface_name": "eth0"
      },
      {
        "ip": "172.16.8.204",
        "mac": "ac:1f:6b:63:05:a5",
        "interface_name": "eth1"
      }
    ],
    "status": "Online",
    "status_fetched_at": "2026-07-14T15:27:25.634Z",
    "reserved_at": null,
    "last_purpose_text": null,
    "last_purpose_by": null,
    "last_purpose_at": null,
    "created_at": "2026-07-14T15:12:50.622Z",
    "updated_at": "2026-07-14T15:27:25.654Z"
  }
},
{
  "model": "devices.device",
  "pk": 13,
  "fields": {
    "name": "SJC-Dell-R650-XS",
    "serial_number": "6X70X04",
    "description": null,
    "cluster_device_name": null,
    "model": 11,
    "cluster": null,
    "enterprise": null,
    "team": null,
    "owner_email": null,
    "lab": 6,
    "location_detail": null,
    "admin_condition": "normal",
    "sync_condition": "needs_recovery",
    "idrac_ip": null,
    "idrac_username": null,
    "idrac_password_enc": null,
    "eve_version": null,
    "device_connectivity": null,
    "status": "Suspect",
    "status_fetched_at": null,
    "reserved_at": null,
    "last_purpose_text": null,
    "last_purpose_by": null,
    "last_purpose_at": null,
    "created_at": "2026-07-14T15:12:50.623Z",
    "updated_at": "2026-07-14T15:27:25.655Z"
  }
},
{
  "model": "devices.device",
  "pk": 14,
  "fields": {
    "name": "sjclab-dell-xr12-B32JDX3",
    "serial_number": "B32JDX3",
    "description": null,
    "cluster_device_name": "sjclab-dell-xr12-B32JDX3",
    "model": 12,
    "cluster": 1,
    "enterprise": 1,
    "team": null,
    "owner_email": null,
    "lab": 6,
    "location_detail": null,
    "admin_condition": "normal",
    "sync_condition": null,
    "idrac_ip": null,
    "idrac_username": null,
    "idrac_password_enc": null,
    "eve_version": "16.8.0-kvm-amd64",
    "device_connectivity": [
      {
        "ip": "10.216.2.224",
        "mac": "b4:96:91:fc:d5:f2",
        "interface_name": "eth10"
      },
      {
        "ip": "10.216.2.83",
        "mac": "b4:96:91:fc:d5:f3",
        "interface_name": "eth11"
      }
    ],
    "status": "Online",
    "status_fetched_at": "2026-07-14T15:27:25.634Z",
    "reserved_at": null,
    "last_purpose_text": null,
    "last_purpose_by": null,
    "last_purpose_at": null,
    "created_at": "2026-07-14T15:12:50.625Z",
    "updated_at": "2026-07-14T15:27:25.656Z"
  }
},
{
  "model": "devices.device",
  "pk": 15,
  "fields": {
    "name": "SC-SUPERMICRO-E100-ZC10",
    "serial_number": "S279678X8325357",
    "description": null,
    "cluster_device_name": "SC-SUPERMICRO-E100-ZC10",
    "model": 10,
    "cluster": 1,
    "enterprise": 1,
    "team": null,
    "owner_email": null,
    "lab": 6,
    "location_detail": null,
    "admin_condition": "normal",
    "sync_condition": null,
    "idrac_ip": null,
    "idrac_username": null,
    "idrac_password_enc": null,
    "eve_version": "17.0.0-rc3-kvm-amd64",
    "device_connectivity": [
      {
        "ip": "10.216.0.39",
        "mac": "ac:1f:6b:63:05:78",
        "interface_name": "eth0"
      },
      {
        "ip": "10.216.0.95",
        "mac": "ac:1f:6b:63:05:79",
        "interface_name": "eth1"
      }
    ],
    "status": "Online",
    "status_fetched_at": "2026-07-14T15:27:25.634Z",
    "reserved_at": null,
    "last_purpose_text": null,
    "last_purpose_by": null,
    "last_purpose_at": null,
    "created_at": "2026-07-14T15:12:50.625Z",
    "updated_at": "2026-07-14T15:27:25.653Z"
  }
},
{
  "model": "devices.device",
  "pk": 16,
  "fields": {
    "name": "Supermicro-E3008D",
    "serial_number": "S242344X9144145",
    "description": null,
    "cluster_device_name": "Supermicro-E3008D",
    "model": 13,
    "cluster": 1,
    "enterprise": 1,
    "team": null,
    "owner_email": null,
    "lab": 6,
    "location_detail": null,
    "admin_condition": "normal",
    "sync_condition": null,
    "idrac_ip": null,
    "idrac_username": null,
    "idrac_password_enc": null,
    "eve_version": "17.0.0-rc3-kvm-amd64",
    "device_connectivity": [
      {
        "ip": "10.216.0.41",
        "mac": "00:25:90:5f:f4:ac",
        "interface_name": "eth2"
      },
      {
        "ip": "10.216.0.211",
        "mac": "00:25:90:5f:f4:ad",
        "interface_name": "eth3"
      }
    ],
    "status": "Online",
    "status_fetched_at": "2026-07-14T15:27:25.634Z",
    "reserved_at": null,
    "last_purpose_text": null,
    "last_purpose_by": null,
    "last_purpose_at": null,
    "created_at": "2026-07-14T15:12:50.627Z",
    "updated_at": "2026-07-14T15:27:25.656Z"
  }
},
{
  "model": "devices.device",
  "pk": 17,
  "fields": {
    "name": "chm_nuc_01",
    "serial_number": "G6BE94800D8V",
    "description": null,
    "cluster_device_name": "chm_nuc_01",
    "model": 14,
    "cluster": 1,
    "enterprise": 1,
    "team": null,
    "owner_email": null,
    "lab": 5,
    "location_detail": "chm_nuc_01",
    "admin_condition": "normal",
    "sync_condition": null,
    "idrac_ip": null,
    "idrac_username": null,
    "idrac_password_enc": null,
    "eve_version": "17.0.0-rc3-kvm-amd64",
    "device_connectivity": [
      {
        "ip": "10.250.2.142",
        "mac": "1c:69:7a:0d:71:67",
        "interface_name": "eth0"
      },
      {
        "ip": "10.252.21.101",
        "mac": "94:e6:f7:7b:40:9e",
        "interface_name": "wlan0"
      }
    ],
    "status": "Online",
    "status_fetched_at": "2026-07-14T15:27:25.634Z",
    "reserved_at": null,
    "last_purpose_text": null,
    "last_purpose_by": null,
    "last_purpose_at": null,
    "created_at": "2026-07-14T15:12:50.630Z",
    "updated_at": "2026-07-14T15:27:25.640Z"
  }
},
{
  "model": "devices.device",
  "pk": 18,
  "fields": {
    "name": "HPE-m750-SLB-SYSTEST",
    "serial_number": "CN60190HU7",
    "description": null,
    "cluster_device_name": "HPE-m750-SLB-SYSTEST",
    "model": 15,
    "cluster": 1,
    "enterprise": 1,
    "team": null,
    "owner_email": null,
    "lab": 4,
    "location_detail": null,
    "admin_condition": "normal",
    "sync_condition": null,
    "idrac_ip": null,
    "idrac_username": null,
    "idrac_password_enc": null,
    "eve_version": "14.5.5-rc1-kvm-amd64",
    "device_connectivity": [
      {
        "ip": "10.216.1.238",
        "mac": "08:f1:ea:fb:c0:87",
        "interface_name": "eth0"
      },
      {
        "ip": "172.16.11.12",
        "mac": "6c:b3:11:10:3d:58",
        "interface_name": "eth2"
      }
    ],
    "status": "Online",
    "status_fetched_at": "2026-07-14T15:27:25.634Z",
    "reserved_at": null,
    "last_purpose_text": null,
    "last_purpose_by": null,
    "last_purpose_at": null,
    "created_at": "2026-07-14T15:12:50.631Z",
    "updated_at": "2026-07-14T15:27:25.646Z"
  }
},
{
  "model": "devices.device",
  "pk": 19,
  "fields": {
    "name": "Kontron-402-SLB-SYSTEST",
    "serial_number": "440342002",
    "description": null,
    "cluster_device_name": "Kontron-402-SLB-SYSTEST",
    "model": 16,
    "cluster": 1,
    "enterprise": 1,
    "team": null,
    "owner_email": null,
    "lab": 4,
    "location_detail": null,
    "admin_condition": "normal",
    "sync_condition": null,
    "idrac_ip": null,
    "idrac_username": null,
    "idrac_password_enc": null,
    "eve_version": "14.5.5-rc1-kvm-amd64",
    "device_connectivity": [
      {
        "ip": "10.216.1.1",
        "mac": "00:e0:4b:6a:2f:e6",
        "interface_name": "eth0"
      }
    ],
    "status": "Online",
    "status_fetched_at": "2026-07-14T15:27:25.634Z",
    "reserved_at": null,
    "last_purpose_text": null,
    "last_purpose_by": null,
    "last_purpose_at": null,
    "created_at": "2026-07-14T15:12:50.633Z",
    "updated_at": "2026-07-14T15:27:25.647Z"
  }
},
{
  "model": "devices.device",
  "pk": 20,
  "fields": {
    "name": "LENOVO-p360GPU-SLB-SYSTEST",
    "serial_number": "MJOK4N9X",
    "description": null,
    "cluster_device_name": "LENOVO-p360GPU-SLB-SYSTEST",
    "model": 17,
    "cluster": 1,
    "enterprise": 1,
    "team": null,
    "owner_email": null,
    "lab": 4,
    "location_detail": null,
    "admin_condition": "normal",
    "sync_condition": null,
    "idrac_ip": null,
    "idrac_username": null,
    "idrac_password_enc": null,
    "eve_version": "17.0.0-rc3-kvm-amd64",
    "device_connectivity": [
      {
        "ip": "10.216.1.234",
        "mac": "9c:2d:cd:11:05:b0",
        "interface_name": "eth0"
      }
    ],
    "status": "Online",
    "status_fetched_at": "2026-07-14T15:27:25.634Z",
    "reserved_at": null,
    "last_purpose_text": null,
    "last_purpose_by": null,
    "last_purpose_at": null,
    "created_at": "2026-07-14T15:12:50.635Z",
    "updated_at": "2026-07-14T15:27:25.649Z"
  }
},
{
  "model": "devices.device",
  "pk": 21,
  "fields": {
    "name": "LENOVO-P3TINY-SLB-SYSTEST",
    "serial_number": "MZ022D2A",
    "description": null,
    "cluster_device_name": "LENOVO-P3TINY-SLB-SYSTEST",
    "model": 18,
    "cluster": 1,
    "enterprise": 1,
    "team": null,
    "owner_email": null,
    "lab": 4,
    "location_detail": null,
    "admin_condition": "normal",
    "sync_condition": null,
    "idrac_ip": null,
    "idrac_username": null,
    "idrac_password_enc": null,
    "eve_version": "17.0.0-rc2-kvm-amd64",
    "device_connectivity": [
      {
        "ip": "10.216.1.218",
        "mac": "c8:53:09:9c:fd:50",
        "interface_name": "eth0"
      }
    ],
    "status": "Online",
    "status_fetched_at": "2026-07-14T15:27:25.634Z",
    "reserved_at": null,
    "last_purpose_text": null,
    "last_purpose_by": null,
    "last_purpose_at": null,
    "created_at": "2026-07-14T15:12:50.637Z",
    "updated_at": "2026-07-14T15:27:25.649Z"
  }
},
{
  "model": "devices.device",
  "pk": 22,
  "fields": {
    "name": "LENOVO-SE10i-SLB-SYSTEST",
    "serial_number": "MJ0KZLGP",
    "description": null,
    "cluster_device_name": "LENOVO-SE10i-SLB-SYSTEST",
    "model": 9,
    "cluster": 1,
    "enterprise": 1,
    "team": null,
    "owner_email": null,
    "lab": 4,
    "location_detail": null,
    "admin_condition": "normal",
    "sync_condition": null,
    "idrac_ip": null,
    "idrac_username": null,
    "idrac_password_enc": null,
    "eve_version": "17.0.0-rc3-kvm-amd64",
    "device_connectivity": [
      {
        "ip": "172.16.21.11",
        "mac": "e8:80:88:e2:15:d8",
        "interface_name": "eth0"
      },
      {
        "ip": "10.216.1.131",
        "mac": "e8:80:88:e2:15:d7",
        "interface_name": "eth1"
      }
    ],
    "status": "Online",
    "status_fetched_at": "2026-07-14T15:27:25.634Z",
    "reserved_at": null,
    "last_purpose_text": null,
    "last_purpose_by": null,
    "last_purpose_at": null,
    "created_at": "2026-07-14T15:12:50.638Z",
    "updated_at": "2026-07-14T15:27:25.650Z"
  }
},
{
  "model": "devices.device",
  "pk": 23,
  "fields": {
    "name": "NFR170-Systest-E102-LAG-Device",
    "serial_number": "A472130X3C11349",
    "description": null,
    "cluster_device_name": "NFR170-Systest-E102-LAG-Device",
    "model": 19,
    "cluster": 1,
    "enterprise": 1,
    "team": null,
    "owner_email": null,
    "lab": 2,
    "location_detail": null,
    "admin_condition": "normal",
    "sync_condition": null,
    "idrac_ip": null,
    "idrac_username": null,
    "idrac_password_enc": null,
    "eve_version": "16.0.1-lts-kvm-amd64",
    "device_connectivity": [
      {
        "ip": "10.250.2.158",
        "mac": "3c:ec:ef:6f:b0:ab",
        "interface_name": "bond1"
      },
      {
        "ip": "10.250.0.10",
        "mac": "3c:ec:ef:6f:b0:aa",
        "interface_name": "eth0"
      }
    ],
    "status": "Online",
    "status_fetched_at": "2026-07-14T15:27:25.634Z",
    "reserved_at": null,
    "last_purpose_text": null,
    "last_purpose_by": null,
    "last_purpose_at": null,
    "created_at": "2026-07-14T15:12:50.640Z",
    "updated_at": "2026-07-14T15:27:25.652Z"
  }
},
{
  "model": "devices.device",
  "pk": 24,
  "fields": {
    "name": "BLR_LAB_E101-TAMMANNA",
    "serial_number": "S279678X7924919",
    "description": "",
    "cluster_device_name": null,
    "model": 10,
    "cluster": null,
    "enterprise": null,
    "team": null,
    "owner_email": null,
    "lab": 1,
    "location_detail": "",
    "admin_condition": "out_of_order",
    "sync_condition": "needs_recovery",
    "idrac_ip": "",
    "idrac_username": "",
    "idrac_password_enc": null,
    "eve_version": null,
    "device_connectivity": null,
    "status": "Suspect",
    "status_fetched_at": null,
    "reserved_at": null,
    "last_purpose_text": null,
    "last_purpose_by": null,
    "last_purpose_at": null,
    "created_at": "2026-07-14T15:12:50.641Z",
    "updated_at": "2026-07-14T15:18:27.421Z"
  }
},
{
  "model": "devices.device",
  "pk": 25,
  "fields": {
    "name": "blr-8083",
    "serial_number": "S322305X9718083",
    "description": null,
    "cluster_device_name": null,
    "model": 20,
    "cluster": null,
    "enterprise": null,
    "team": null,
    "owner_email": null,
    "lab": 1,
    "location_detail": null,
    "admin_condition": "normal",
    "sync_condition": "needs_recovery",
    "idrac_ip": null,
    "idrac_username": null,
    "idrac_password_enc": null,
    "eve_version": null,
    "device_connectivity": null,
    "status": "Suspect",
    "status_fetched_at": null,
    "reserved_at": null,
    "last_purpose_text": null,
    "last_purpose_by": null,
    "last_purpose_at": null,
    "created_at": "2026-07-14T15:12:50.643Z",
    "updated_at": "2026-07-14T15:27:25.638Z"
  }
},
{
  "model": "devices.device",
  "pk": 26,
  "fields": {
    "name": "blr-dell-edge-gateway-5000",
    "serial_number": "DYN9Q42",
    "description": null,
    "cluster_device_name": null,
    "model": 21,
    "cluster": null,
    "enterprise": null,
    "team": null,
    "owner_email": null,
    "lab": 1,
    "location_detail": null,
    "admin_condition": "normal",
    "sync_condition": "needs_recovery",
    "idrac_ip": null,
    "idrac_username": null,
    "idrac_password_enc": null,
    "eve_version": null,
    "device_connectivity": null,
    "status": "Suspect",
    "status_fetched_at": null,
    "reserved_at": null,
    "last_purpose_text": null,
    "last_purpose_by": null,
    "last_purpose_at": null,
    "created_at": "2026-07-14T15:12:50.645Z",
    "updated_at": "2026-07-14T15:27:25.639Z"
  }
},
{
  "model": "devices.device",
  "pk": 27,
  "fields": {
    "name": "model_less_device",
    "serial_number": "S322305X8B20753",
    "description": null,
    "cluster_device_name": null,
    "model": 20,
    "cluster": null,
    "enterprise": null,
    "team": null,
    "owner_email": null,
    "lab": 1,
    "location_detail": null,
    "admin_condition": "normal",
    "sync_condition": "needs_recovery",
    "idrac_ip": null,
    "idrac_username": null,
    "idrac_password_enc": null,
    "eve_version": null,
    "device_connectivity": null,
    "status": "Suspect",
    "status_fetched_at": null,
    "reserved_at": null,
    "last_purpose_text": null,
    "last_purpose_by": null,
    "last_purpose_at": null,
    "created_at": "2026-07-14T15:12:50.645Z",
    "updated_at": "2026-07-14T15:27:25.652Z"
  }
},
{
  "model": "devices.device",
  "pk": 28,
  "fields": {
    "name": "tammanna-jp6-arm-model-less",
    "serial_number": "1421123018674",
    "description": null,
    "cluster_device_name": null,
    "model": 22,
    "cluster": null,
    "enterprise": null,
    "team": null,
    "owner_email": null,
    "lab": 1,
    "location_detail": null,
    "admin_condition": "normal",
    "sync_condition": "needs_recovery",
    "idrac_ip": null,
    "idrac_username": null,
    "idrac_password_enc": null,
    "eve_version": null,
    "device_connectivity": null,
    "status": "Suspect",
    "status_fetched_at": null,
    "reserved_at": null,
    "last_purpose_text": null,
    "last_purpose_by": null,
    "last_purpose_at": null,
    "created_at": "2026-07-14T15:12:50.647Z",
    "updated_at": "2026-07-14T15:27:25.657Z"
  }
},
{
  "model": "devices.device",
  "pk": 29,
  "fields": {
    "name": "SJC-Dell-Custom-Blade",
    "serial_number": "G0VP8B3",
    "description": null,
    "cluster_device_name": null,
    "model": 23,
    "cluster": null,
    "enterprise": null,
    "team": null,
    "owner_email": null,
    "lab": 6,
    "location_detail": null,
    "admin_condition": "normal",
    "sync_condition": "needs_recovery",
    "idrac_ip": null,
    "idrac_username": null,
    "idrac_password_enc": null,
    "eve_version": null,
    "device_connectivity": null,
    "status": "Suspect",
    "status_fetched_at": null,
    "reserved_at": null,
    "last_purpose_text": null,
    "last_purpose_by": null,
    "last_purpose_at": null,
    "created_at": "2026-07-14T15:12:50.649Z",
    "updated_at": "2026-07-14T15:27:25.655Z"
  }
},
{
  "model": "devices.device",
  "pk": 30,
  "fields": {
    "name": "hpe-el1000-sj-2",
    "serial_number": "CN61020DM4",
    "description": null,
    "cluster_device_name": null,
    "model": 15,
    "cluster": null,
    "enterprise": null,
    "team": null,
    "owner_email": null,
    "lab": 6,
    "location_detail": null,
    "admin_condition": "normal",
    "sync_condition": "needs_recovery",
    "idrac_ip": null,
    "idrac_username": null,
    "idrac_password_enc": null,
    "eve_version": null,
    "device_connectivity": null,
    "status": "Suspect",
    "status_fetched_at": null,
    "reserved_at": null,
    "last_purpose_text": null,
    "last_purpose_by": null,
    "last_purpose_at": null,
    "created_at": "2026-07-14T15:12:50.650Z",
    "updated_at": "2026-07-14T15:27:25.646Z"
  }
},
{
  "model": "devices.device",
  "pk": 31,
  "fields": {
    "name": "LENOVO-P3-ULTRA-SLB-SYSTEST",
    "serial_number": "MZ036Y37",
    "description": null,
    "cluster_device_name": null,
    "model": 24,
    "cluster": null,
    "enterprise": null,
    "team": null,
    "owner_email": null,
    "lab": 4,
    "location_detail": null,
    "admin_condition": "normal",
    "sync_condition": "needs_recovery",
    "idrac_ip": null,
    "idrac_username": null,
    "idrac_password_enc": null,
    "eve_version": null,
    "device_connectivity": null,
    "status": "Suspect",
    "status_fetched_at": null,
    "reserved_at": null,
    "last_purpose_text": null,
    "last_purpose_by": null,
    "last_purpose_at": null,
    "created_at": "2026-07-14T15:12:50.652Z",
    "updated_at": "2026-07-14T15:27:25.648Z"
  }
},
{
  "model": "devices.device",
  "pk": 32,
  "fields": {
    "name": "chm_asus_nuc",
    "serial_number": "NBMRCG0029497AH",
    "description": null,
    "cluster_device_name": null,
    "model": 25,
    "cluster": null,
    "enterprise": null,
    "team": null,
    "owner_email": null,
    "lab": 5,
    "location_detail": null,
    "admin_condition": "normal",
    "sync_condition": "needs_recovery",
    "idrac_ip": null,
    "idrac_username": null,
    "idrac_password_enc": null,
    "eve_version": null,
    "device_connectivity": null,
    "status": "Suspect",
    "status_fetched_at": null,
    "reserved_at": null,
    "last_purpose_text": null,
    "last_purpose_by": null,
    "last_purpose_at": null,
    "created_at": "2026-07-14T15:12:50.653Z",
    "updated_at": "2026-07-14T15:27:25.640Z"
  }
},
{
  "model": "devices.device",
  "pk": 33,
  "fields": {
    "name": "intel-nuc-pranav",
    "serial_number": "G6PA2490003N",
    "description": null,
    "cluster_device_name": "intel-nuc-pranav",
    "model": 26,
    "cluster": 1,
    "enterprise": null,
    "team": null,
    "owner_email": null,
    "lab": 5,
    "location_detail": null,
    "admin_condition": "normal",
    "sync_condition": null,
    "idrac_ip": null,
    "idrac_username": null,
    "idrac_password_enc": null,
    "eve_version": null,
    "device_connectivity": null,
    "status": null,
    "status_fetched_at": null,
    "reserved_at": null,
    "last_purpose_text": null,
    "last_purpose_by": null,
    "last_purpose_at": null,
    "created_at": "2026-07-14T15:12:50.655Z",
    "updated_at": "2026-07-14T15:12:50.655Z"
  }
},
{
  "model": "devices.device",
  "pk": 34,
  "fields": {
    "name": "Andrew-maple",
    "serial_number": "CCV0RD2",
    "description": "",
    "cluster_device_name": "Andrew-maple",
    "model": 2,
    "cluster": 1,
    "enterprise": 1,
    "team": 1,
    "owner_email": null,
    "lab": 5,
    "location_detail": "Andrew-maple",
    "admin_condition": "dedicated",
    "sync_condition": null,
    "idrac_ip": "",
    "idrac_username": "",
    "idrac_password_enc": null,
    "eve_version": "0.0.0-eve-k-size-reporting-3477face-k-amd64",
    "device_connectivity": [
      {
        "ip": "192.168.0.122",
        "mac": "18:66:da:2c:9f:c9",
        "interface_name": "eth0"
      },
      {
        "ip": "10.244.244.2",
        "mac": "18:66:da:2c:9f:c9",
        "interface_name": "eth0"
      }
    ],
    "status": "Online",
    "status_fetched_at": "2026-07-14T15:27:25.634Z",
    "reserved_at": null,
    "last_purpose_text": null,
    "last_purpose_by": null,
    "last_purpose_at": null,
    "created_at": "2026-07-14T15:12:50.656Z",
    "updated_at": "2026-07-14T15:27:25.635Z"
  }
},
{
  "model": "devices.device",
  "pk": 35,
  "fields": {
    "name": "Andrew-walnut",
    "serial_number": "8S8RGB2",
    "description": null,
    "cluster_device_name": "Andrew-walnut",
    "model": 2,
    "cluster": 1,
    "enterprise": 1,
    "team": null,
    "owner_email": null,
    "lab": 5,
    "location_detail": "Andrew-walnut",
    "admin_condition": "normal",
    "sync_condition": null,
    "idrac_ip": null,
    "idrac_username": null,
    "idrac_password_enc": null,
    "eve_version": "0.0.0-eve-k-size-reporting-3477face-k-amd64",
    "device_connectivity": [
      {
        "ip": "192.168.0.123",
        "mac": "18:66:da:0b:b4:e6",
        "interface_name": "eth0"
      },
      {
        "ip": "10.244.244.3",
        "mac": "18:66:da:0b:b4:e6",
        "interface_name": "eth0"
      }
    ],
    "status": "Online",
    "status_fetched_at": "2026-07-14T15:27:25.634Z",
    "reserved_at": null,
    "last_purpose_text": null,
    "last_purpose_by": null,
    "last_purpose_at": null,
    "created_at": "2026-07-14T15:12:50.657Z",
    "updated_at": "2026-07-14T15:27:25.636Z"
  }
},
{
  "model": "devices.device",
  "pk": 36,
  "fields": {
    "name": "Andrew-avocado",
    "serial_number": "B9N0AS46853338C",
    "description": "",
    "cluster_device_name": null,
    "model": 27,
    "cluster": null,
    "enterprise": null,
    "team": null,
    "owner_email": null,
    "lab": 5,
    "location_detail": "Andrew-avocado",
    "admin_condition": "temporarily_leased",
    "sync_condition": "needs_recovery",
    "idrac_ip": "",
    "idrac_username": "",
    "idrac_password_enc": null,
    "eve_version": null,
    "device_connectivity": null,
    "status": "Suspect",
    "status_fetched_at": null,
    "reserved_at": null,
    "last_purpose_text": null,
    "last_purpose_by": null,
    "last_purpose_at": null,
    "created_at": "2026-07-14T15:12:50.659Z",
    "updated_at": "2026-07-14T15:27:25.634Z"
  }
},
{
  "model": "devices.device",
  "pk": 37,
  "fields": {
    "name": "andrew-o1",
    "serial_number": "c001d00d",
    "description": null,
    "cluster_device_name": "andrew-o1",
    "model": 28,
    "cluster": 1,
    "enterprise": null,
    "team": null,
    "owner_email": null,
    "lab": 5,
    "location_detail": "andrew-o1",
    "admin_condition": "normal",
    "sync_condition": null,
    "idrac_ip": null,
    "idrac_username": null,
    "idrac_password_enc": null,
    "eve_version": null,
    "device_connectivity": null,
    "status": null,
    "status_fetched_at": null,
    "reserved_at": null,
    "last_purpose_text": null,
    "last_purpose_by": null,
    "last_purpose_at": null,
    "created_at": "2026-07-14T15:12:50.662Z",
    "updated_at": "2026-07-14T15:12:50.662Z"
  }
},
{
  "model": "devices.lab",
  "pk": 1,
  "fields": {
    "name": "Bangalore Lab"
  }
},
{
  "model": "devices.lab",
  "pk": 2,
  "fields": {
    "name": "Bangalore Office Space"
  }
},
{
  "model": "devices.lab",
  "pk": 3,
  "fields": {
    "name": "Berlin Lab"
  }
},
{
  "model": "devices.lab",
  "pk": 4,
  "fields": {
    "name": "CoreSite Lab"
  }
},
{
  "model": "devices.lab",
  "pk": 5,
  "fields": {
    "name": "Home Lab"
  }
},
{
  "model": "devices.lab",
  "pk": 6,
  "fields": {
    "name": "SanJose Lab"
  }
},
{
  "model": "users.portaluser",
  "pk": 1,
  "fields": {
    "name": "Varuna Jayachandra",
    "email": "varuna@zededa.com",
    "team": 1,
    "user_type": "admin"
  }
},
{
  "model": "users.team",
  "pk": 1,
  "fields": {
    "name": "ST"
  }
},
{
  "model": "users.team",
  "pk": 2,
  "fields": {
    "name": "EVE"
  }
},
{
  "model": "users.team",
  "pk": 3,
  "fields": {
    "name": "PLE"
  }
},
{
  "model": "users.team",
  "pk": 4,
  "fields": {
    "name": "SRE"
  }
},
{
  "model": "users.team",
  "pk": 5,
  "fields": {
    "name": "Cloud"
  }
},
{
  "model": "users.team",
  "pk": 6,
  "fields": {
    "name": "IT"
  }
},
{
  "model": "clusters.cluster",
  "pk": 1,
  "fields": {
    "name": "hummingbird",
    "host": "zedcontrol.hummingbird.zededa.net"
  }
},
{
  "model": "clusters.cluster",
  "pk": 2,
  "fields": {
    "name": "alpha",
    "host": "zedcontrol.alpha.zededa.net"
  }
},
{
  "model": "clusters.cluster",
  "pk": 3,
  "fields": {
    "name": "canary",
    "host": "zedcontrol.canary.zededa.net"
  }
},
{
  "model": "clusters.cluster",
  "pk": 4,
  "fields": {
    "name": "gmwtus",
    "host": "zedcontrol.gmwtus.zededa.net"
  }
},
{
  "model": "clusters.cluster",
  "pk": 5,
  "fields": {
    "name": "thor",
    "host": "zedcontrol.thor.zededa.net"
  }
},
{
  "model": "clusters.cluster",
  "pk": 6,
  "fields": {
    "name": "prod",
    "host": "zedcontrol.zededa.net"
  }
},
{
  "model": "device_models.devicemodel",
  "pk": 1,
  "fields": {
    "name": "Onlogic-HX310",
    "customer_partner_name": null
  }
},
{
  "model": "device_models.devicemodel",
  "pk": 2,
  "fields": {
    "name": "Dell-OptiPlex-7040",
    "customer_partner_name": null
  }
},
{
  "model": "device_models.devicemodel",
  "pk": 3,
  "fields": {
    "name": "Dell-XC640-10-CORE",
    "customer_partner_name": null
  }
},
{
  "model": "device_models.devicemodel",
  "pk": 4,
  "fields": {
    "name": "Dell-Precision-Tower-5810",
    "customer_partner_name": null
  }
},
{
  "model": "device_models.devicemodel",
  "pk": 5,
  "fields": {
    "name": "Dell-XC630-10",
    "customer_partner_name": null
  }
},
{
  "model": "device_models.devicemodel",
  "pk": 6,
  "fields": {
    "name": "HPE-ProLiant-DL380-Gen10",
    "customer_partner_name": null
  }
},
{
  "model": "device_models.devicemodel",
  "pk": 7,
  "fields": {
    "name": "Dell-PowerEdge-R360",
    "customer_partner_name": null
  }
},
{
  "model": "device_models.devicemodel",
  "pk": 8,
  "fields": {
    "name": "OnLogic-HELIX-310",
    "customer_partner_name": null
  }
},
{
  "model": "device_models.devicemodel",
  "pk": 9,
  "fields": {
    "name": "Lenovo-ThinkEdge-SE10",
    "customer_partner_name": null
  }
},
{
  "model": "device_models.devicemodel",
  "pk": 10,
  "fields": {
    "name": "Supermicro-SYS-E100-9APP",
    "customer_partner_name": null
  }
},
{
  "model": "device_models.devicemodel",
  "pk": 11,
  "fields": {
    "name": "Dell-PowerEdge-R650xs",
    "customer_partner_name": null
  }
},
{
  "model": "device_models.devicemodel",
  "pk": 12,
  "fields": {
    "name": "Dell-XR12",
    "customer_partner_name": null
  }
},
{
  "model": "device_models.devicemodel",
  "pk": 13,
  "fields": {
    "name": "Supermicro-SYS-E300-8D",
    "customer_partner_name": null
  }
},
{
  "model": "device_models.devicemodel",
  "pk": 14,
  "fields": {
    "name": "Intel-NUC8i3BEH",
    "customer_partner_name": null
  }
},
{
  "model": "device_models.devicemodel",
  "pk": 15,
  "fields": {
    "name": "HP-EL1000-M750-GPU-ETH",
    "customer_partner_name": null
  }
},
{
  "model": "device_models.devicemodel",
  "pk": 16,
  "fields": {
    "name": "Kontron-402",
    "customer_partner_name": null
  }
},
{
  "model": "device_models.devicemodel",
  "pk": 17,
  "fields": {
    "name": "Lenovo-ThinkStation-P360-Tiny",
    "customer_partner_name": null
  }
},
{
  "model": "device_models.devicemodel",
  "pk": 18,
  "fields": {
    "name": "Lenovo-ThinkStation-P3-Tiny-Gen-2",
    "customer_partner_name": null
  }
},
{
  "model": "device_models.devicemodel",
  "pk": 19,
  "fields": {
    "name": "Supermicro-SYS-E102-9AP-LN4-E",
    "customer_partner_name": null
  }
},
{
  "model": "device_models.devicemodel",
  "pk": 20,
  "fields": {
    "name": "Supermicro-SYS-E50-9AP-WiFi",
    "customer_partner_name": null
  }
},
{
  "model": "device_models.devicemodel",
  "pk": 21,
  "fields": {
    "name": "Dell-Edge-Gateway-5000",
    "customer_partner_name": null
  }
},
{
  "model": "device_models.devicemodel",
  "pk": 22,
  "fields": {
    "name": "NVIDIA-Jetson-Orin-Nano",
    "customer_partner_name": null
  }
},
{
  "model": "device_models.devicemodel",
  "pk": 23,
  "fields": {
    "name": "Dell-custom-blade",
    "customer_partner_name": null
  }
},
{
  "model": "device_models.devicemodel",
  "pk": 24,
  "fields": {
    "name": "Lenovo-ThinkStation-P3-Ultra-SFF-G2",
    "customer_partner_name": null
  }
},
{
  "model": "device_models.devicemodel",
  "pk": 25,
  "fields": {
    "name": "ASUS-PN41",
    "customer_partner_name": null
  }
},
{
  "model": "device_models.devicemodel",
  "pk": 26,
  "fields": {
    "name": "Intel-NUC11PAHi3",
    "customer_partner_name": null
  }
},
{
  "model": "device_models.devicemodel",
  "pk": 27,
  "fields": {
    "name": "ASUS-G53SX",
    "customer_partner_name": null
  }
},
{
  "model": "device_models.devicemodel",
  "pk": 28,
  "fields": {
    "name": "NVIDIA-Jetson-Orin-Nano-Super",
    "customer_partner_name": null
  }
},
{
  "model": "enterprises.enterprise",
  "pk": 1,
  "fields": {
    "name": "200x85",
    "cluster": 1,
    "bearer_token_enc": "Z0FBQUFBQnFWZ2prME1uYjlJUGJWX3Y5cXMwYkpGNE90N3pZOWVZemZ3SThXZ0JWNkZLOXdZZXpOM25IRlVtZHIyTmI4Z1RScDVGNVIwQi1sNmg2dkxPdktlMm9SMGV4bnQwcDVNZFFEYldYeWVsRnh4SWo2YTltRDhNalg4RkVxWEdDaFVFa2xNWG1nemtuM3FqVVF3ZGtuTVItQ1VsMVFxbTB1Q25UYVlXeHJPZUV3QkRaY1BINmxvTkM3Zm85SDhVd1dFMDAxOVJxaHB6dF9LMi1weHU5RFhLR3luQ1VIWXpBOW11WUVocEJIMTFfa3YwWkVFQzhteFVtbDgzSEdWamROQ3Y4eTRkdmM0QjFUREwwaVg5Z21Pcmc0VEIxLUt0QUt5RFhVWDVPTkxCS0hYNldtQ1dtX1p0Zm9ZVjRFaVpBd2lWUld0dzI=",
    "zcloud_id": "AAFlABAj3cy3MFlEcp0WTqElzqt2",
    "zcloud_username": "varuna@200x85.com",
    "is_active": true,
    "name_verified": true,
    "last_sync_at": "2026-07-14T15:27:25.658Z",
    "last_sync_status": "ok",
    "last_sync_error": null
  }
},
{
  "model": "enterprises.enterprise",
  "pk": 2,
  "fields": {
    "name": "Foundation Technologies",
    "cluster": 3,
    "bearer_token_enc": "Z0FBQUFBQnFWaldRWm5JRldjdzdHRWtFTkZwMVlUbTlSMkplVDAwelhYeUFTbzRta0JYLThFZ2N6Z1VBVjBsREd5SGZBTXB2dnVWbjViSUROUzNQZ2tKaGl6VS1JUlNyMmFGTDZCOWFjb29FYVNCSm1MTTJpSWNUVVFQTTQ1WjR3MGt5eVRsRmpQV0l1cVMzU2JVemFaUTA2TDdrbU1kMjYzNmV6QlNuRlhoUy1WQ1hoTW42LTFjYmVhNmJOTUtlSEMxS1NJdzl6VWk0cnRmYnNkbzNVbHcyb0syNjZUakFERWpkSlRZN1E3NlJZUGxwemxlN1k0NmFuVm5ucklWbkZlZ0xpUWhVeDRHSmd3NzZEbjI3ZjFTY3R3OThPcDIwY0JrM283anh5aGtwdEloSW1lSnFGVmRIOVlLTEpjZmxZS1c2QlRMN2trN0c=",
    "zcloud_id": "AAFlABDXDc_qgQlPIbng19qLgEBv",
    "zcloud_username": "varuna@foundation.com",
    "is_active": true,
    "name_verified": true,
    "last_sync_at": "2026-07-14T14:10:56.541Z",
    "last_sync_status": "ok",
    "last_sync_error": null
  }
},
{
  "model": "enterprises.enterprise",
  "pk": 3,
  "fields": {
    "name": "Second Foundation",
    "cluster": 1,
    "bearer_token_enc": "Z0FBQUFBQnFWamU5Qm85ZGk0c0Jocjg3RVZuQlFDeExOa2NOemR0UURRX05uNmdXZHlVTU51RkZkNml5TWpSbHBwVjZDV0puWG4tSTdmaWxJTy1mQzVIalVsaDh5VkxDSU1fYkYtRlNDMUM2Rm1UbWhJSWNsRGl2LThCSjRZNnBubVVPdTduYUZxNjRIM0h5SjZBU2ZpcHJzNVNlNkRmZHA2TG1IQ0lsdEJaTUVNVUhiMFZra0RjWkd5Rk5HSE43RzFJaWNfQk1Yb0dGWmo1UXFrZVpTTTZHWVlNZzdSN0h3VWpETXhmdnJZbExtdzlCWVBsLXVvUVkzejlKelVuX29nTTk1RWZ5WnVycFE2MU1jakRPLXFxZHVGSEdlc3Nyd2FDOGZuWjgydmhoWUFSRWtTdGZieDBEVmZRMHB3cXQyb3ROMGd5ZTlOcjA=",
    "zcloud_id": "AAFlABDPcmaKTcdJDZHWxMIXKKVt",
    "zcloud_username": "varuna-secfound@zededa.com",
    "is_active": true,
    "name_verified": true,
    "last_sync_at": "2026-07-14T14:10:59.095Z",
    "last_sync_status": "ok",
    "last_sync_error": null
  }
}
]
